{
  "formatVersion": 1,
  "database": {
    "version": 2,
    "identityHash": "e90355064bfaf6c4b3bd249775a87ca7",
    "entities": [
      {
        "tableName": "GithubUser",
        "createSql": "CREATE TABLE IF NOT EXISTS `${TABLE_NAME}` (`login` TEXT NOT NULL, `avatarUrl` TEXT, `htmlUrl` TEXT, PRIMARY KEY(`login`))",
        "fields": [
          {
            "fieldPath": "login",
            "columnName": "login",
            "affinity": "TEXT",
            "notNull": true
          },
          {
            "fieldPath": "avatarUrl",
            "columnName": "avatarUrl",
            "affinity": "TEXT",
            "notNull": false
          },
          {
            "fieldPath": "htmlUrl",
            "columnName": "htmlUrl",
            "affinity": "TEXT",
            "notNull": false
          }
        ],
        "primaryKey": {
          "columnNames": [
            "login"
          ],
          "autoGenerate": false
        },
        "indices": [],
        "foreignKeys": []
      }
    ],
    "views": [],
    "setupQueries": [
      "CREATE TABLE IF NOT EXISTS room_master_table (id INTEGER PRIMARY KEY,identity_hash TEXT)",
      "INSERT OR REPLACE INTO room_master_table (id,identity_hash) VALUES(42, 'e90355064bfaf6c4b3bd249775a87ca7')"
    ]
  }
}